Marketplace,Order ID,Order Date,Currency,Price,Price Tax,Shipping Charge,Total Discounts,Total Owed,Item Subtotal,Item Subtotal Tax,ASIN,Product Condition,Quantity,Payment Instrument Type,Order Status,Shipment Status,Ship Date,Shipping Option,Carrier Name & Tracking Number,Product Name,Gift Message,Gift Sender Name,Gift Recipient Contact Details
Amazon.co.uk,026-2795639-1453141,2021-02-05,GBP,16.49,3.3,0,0,19.79,29.81,5.97,B0817PWV47,New,1,Visa - 2018,Closed,Shipped,06/02/2021 23:53,premium-uk,AMZN_UK(QA1042072778),UGREEN USB C Hub MacBook Pro Adapter 5 IN 2 HDMI 4K Type C Port Thunderbolt 3 for Video 100W PD Charging 10Gbps USB 3.0 Compatible with Macbook Pro 2020/2019/2018/2017 Macbook Air 2020/2019/2018,,,
Amazon.co.uk,026-2795639-1453141,2021-02-05,GBP,13.32,2.67,0,0,15.99,29.81,5.97,B0895XDJ4M,New,1,Visa - 2018,Closed,Shipped,06/02/2021 23:53,premium-uk,AMZN_UK(QA1042072778),4K HDMI Cable 5mSweguard High Speed 18Gbps Braided HDMI 2.0 Cable 4K@60Hz 2K@144Hz Supports 3D UHD 2160p HD 1080p Ethernet HDCP 2.2 ARC Compatible Fi,,,
Amazon.co.uk,026-1441094-1476305,2021-02-05,GBP,6.16,1.23,0,0,14.78,12.32,2.46,B0784LLF2V,New,2,Visa - 2018,Closed,Shipped,07/02/2021 09:32,premium-uk,AMZN_UK(QA1043162295),elho B.for Rock Flower Pot Black Made with recycled materials,,,
Amazon.co.uk,026-7637648-0369910,2021-02-01,GBP,14.99,3,0,0,17.99,14.99,3,B08LST6HC1,New,1,Visa - 2018,Closed,Shipped,02/02/2021 16:20,premium-uk,AMZN_UK(QA1031437474),TORRAS Ultra Thin Case (New Version) for iPhone 12 Case iPhone 12 Pro Case Slim with 2X Tempered Glass Screen Protector Fully Protective Hard Silky Matte Finish-Pacific Blue (Decency Series),,,
Amazon.co.uk,203-8795082-2654767,2021-01-08,GBP,10.82,2.17,0,0,12.99,10.82,2.17,B08BZFYFST,New,1,Visa - 2011,Closed,Shipped,10/01/2021 02:54,premium-uk,AMZN_UK(QA0968882761),Rotating Jewellery Organiser Jewellery Stand Acrylic 360°Rotating Display Earring Holder 4 Tiers Jewellery Rack Display Classic Stand 160 Holes and 168 Grooves for Necklaces Earrings Piercings Clear,,,
Amazon.co.uk,203-2967062-7882734,2021-01-01,GBP,55.83,11.17,0,0,67,55.83,11.17,B0717BM8D6,New,1,Visa - 2018,Closed,Shipped,03/01/2021 11:32,premium-uk,AMZN_UK(QA0948575082),Microsoft Surface Pen - Black,,,
Amazon.co.uk,204-7400401-5278748,2020-12-27,GBP,6.89,0,0,0,6.89,6.89,0,B087P38ZZY,New,1,Visa - 2011,Closed,Shipped,28/12/2020 21:47,premium-uk,AMZN_UK(QA0936286215),2 PCS Durag - Silk Durag for Men Women Silky 360 Wave Cap Mens Pirate Bandanas Satin Durag Head Bandanas Mens Turban Hair Bandana Headwraps with Ext,,,
Amazon.co.uk,203-3131367-2161120,2020-12-21,GBP,12.49,2.5,0,0,14.99,12.49,2.5,B07SN4RQTP,New,1,Visa - 2011,Closed,Shipped,22/12/2020 04:17,premium-uk,AMZN_UK(QA0921161388),Bandai Dragon Ball Limit Breaker 30 cm Anime Figure - Super Saiyan Blue Goku,,,
Amazon.co.uk,203-5179457-2771516,2020-12-21,GBP,6.66,1.33,0,0,7.99,6.66,1.33,B07SRRQYDB,New,1,Visa - 2011,Closed,Shipped,21/12/2020 17:43,premium-uk,ROYAL_HIGH_LETTER_TRACKED(PY166644975GB),12 Pairs Black Earrings Studs Stainless Steel CZ Screw Studs Cartilage Earrings Hoops Barbell Ear Plugs Ear Piercing Triangle Screw Studs Earrings Endless Round Huggie Hoop Men's Earrings,,,
Amazon.co.uk,204-4373229-3590751,2020-12-12,GBP,62.06,12.41,0,0,74.47,62.06,12.41,B07GT4N11S,New,1,Visa - 2011,Closed,Shipped,12/12/2020 17:10,premium-uk,AMZN_UK(QA0884309075),Razer Mamba Wireless: Gaming Mouse with True 16000 DPI 5 Generation Optical Sensor 50 Hour Battery Life Powered By Razer Chroma,,,
Amazon.co.uk,203-9448756-9267559,2020-12-04,GBP,4.99,1,0,0,5.99,4.99,1,B07FP7HBZ1,New,1,Visa - 2011,Closed,Shipped,04/12/2020 16:54,premium-uk,AMZN_UK(QA0854609564),Travel Sewing Kit AUERVO Over 70 DIY Premium Sewing SuppliesMini Sewing kit for Home Travel & Emergency Filled with Mending and Sewing Needles Sci,,,
Amazon.co.uk,203-0296948-9849122,2020-12-03,GBP,12.49,2.5,0,0,14.99,12.49,2.5,B08DQT3F3C,New,1,Visa - 2011,Closed,Shipped,04/12/2020 03:23,premium-uk,AMZN_UK(QA0853347038),Spigen EZ Fit Tempered Glass Screen Protector for iPhone 12 and for iPhone 12 Pro - 2 Pack,,,
Amazon.co.uk,203-1804062-2642714,2020-12-03,GBP,10.82,2.17,0,0,12.99,10.82,2.17,B08BGCSWZV,New,1,Visa - 2011,Closed,Shipped,04/12/2020 00:38,premium-uk,AMZN_UK(QA0852292357),Spigen Thin Fit case compatible with iPhone 12 2020 compatible with iPhone 12 Pro 2020 - Black,,,
Amazon.co.uk,203-1731976-7077107,2020-12-02,GBP,6.89,0,0,0,6.89,6.89,0,B087P38ZZY,New,1,Visa - 2011,Closed,Shipped,03/12/2020 19:54,premium-uk,AMZN_UK(QA0851245999),2 PCS Durag - Silk Durag for Men Women Silky 360 Wave Cap Mens Pirate Bandanas Satin Durag Head Bandanas Mens Turban Hair Bandana Headwraps with Ext,,,
Amazon.co.uk,203-5233126-0381932,2020-11-23,GBP,2.19,0,0,0,2.19,2.19,0,B083Y5QWV4,New,1,Visa - 2011,Closed,Shipped,23/11/2020 13:00,Std UK Dom_2,ROYAL_MAIL(),Cable 1pcs Protector Cute Animal For iPhone Axolotl Bite Mobile Phone Connector Mini Cable Accessory (Axolotl),,,
Amazon.co.uk,203-4503353-8784359,2020-11-16,GBP,15.99,0,0,0,15.99,15.99,0,B07Q4T12PH,New,1,Visa - 2011,Closed,Shipped,16/11/2020 17:29,premium-uk,AMZN_UK(QA0789854875),Soldering Iron Kit Tabiger 60W Welding Tools with Adjustable Temp 200-450°C and ON/Off Switch 5 Soldering Tips Desoldering Pump Solder Wire Wire Stripper Cutter Stand Tool Case,,,
Amazon.co.uk,203-6243854-3080340,2020-11-15,GBP,19.19,0,0,0,19.19,19.19,0,B07NZB2J76,New,1,Visa - 2011,Closed,Shipped,16/11/2020 17:29,premium-uk,AMZN_UK(QA0789854875),Rotary Tool Cordless Ginour 3.7V Cordless Multitool Rotary Tool with 32PCS Accessories Speed 5000-15000rpm USB Charging Rotary Tool Kit for Polishing Engraving Cleaning,,,
Amazon.co.uk,203-0111738-3273948,2020-11-15,GBP,3.89,0.78,0,0,4.67,3.89,0.78,B00B22VHO8,New,1,Visa - 2011,Closed,Shipped,17/11/2020 01:15,premium-uk,AMZN_UK(QA0788998539),CONNEX DP8500052 Wood Screw Kit 215 pcs,,,
Amazon.co.uk,203-7859613-2713160,2020-11-03,GBP,3.98,0,0,0,3.98,3.98,0,B07Z3PFTCY,New,1,Visa - 2011,Closed,Shipped,04/11/2020 05:43,Std UK Dom_5,YunExpress(YT2030801277028616),M-HUA Aluminum Alloy Begleri Toy Worry Beads Finger Skill Paracord Stress Toys,,,
Amazon.co.uk,204-4067801-4165933,2020-10-15,GBP,21.66,4.33,0,0,25.99,21.66,4.33,B07GL45JHQ,New,1,Visa - 2018,Closed,Shipped,16/10/2020 02:54,premium-uk,AMZN_UK_PRIME(QA0711171887),Amazon Basics Cat Condo Tree Tower With Hammock Bed And Scratching Post - 16 x 20 x 16 Inches Grey,,,
Amazon.co.uk,204-9913802-5705106,2020-10-10,GBP,17.7,3.54,0,0,21.24,17.7,3.54,B089QFJ6FN,New,1,Visa - 2011,Closed,Shipped,10/10/2020 19:10,premium-uk,AMZN_UK(QA0696409706),Govee Alexa LED Strip Lights 5M Smart WiFi LED Strip Works with Alexa APP and Remote Control Upgraded Music Sync Color Changing RGB Strip Lights for Room Kitchen TV Party,,,
Amazon.co.uk,203-2400422-4777966,2020-10-03,GBP,4.99,1,0,0,5.99,4.99,1,B016VAC41K,New,1,Visa - 2018,Closed,Shipped,03/10/2020 18:12,premium-uk,AMZN_UK(QA0680392779),KEPLIN Lint Roller+4 Sticky replacement Heads Easily and quickly removes animal hairs dust and fluff from garments furniture and car seats,,,
Amazon.co.uk,203-9972078-4479556,2020-10-01,GBP,12.49,2.5,0,0,14.99,12.49,2.5,B0875T3M44,New,1,Visa - 2011,Closed,Shipped,02/10/2020 01:29,premium-uk,AMZN_UK(QA0677553687),Gurxi 8 Pieces Stainless Steel Cabinet Furniture Leg Furniture Legs Round Stainless Steel Easy to Clean and Maintain for Coffee Tables Modern Desks and Night Stands 50 * 60mm,,,
Amazon.co.uk,203-7792872-7583521,2020-09-30,GBP,9.99,2,0,0,11.99,9.99,2,B07S9PTLNZ,New,1,Visa - 2011,Closed,Shipped,30/09/2020 18:10,premium-uk,AMZN_UK(QA0673644791),RENPHO Digital Bathroom Scales Weighing Scale with High Precision Sensors Body Weight Scale (Stone/lb/kg) - Black,,,
Amazon.co.uk,203-7469207-5073955,2020-09-30,GBP,5.41,1.08,0,0,6.49,5.41,1.08,B00KLASQLY,New,1,Visa - 2011,Closed,Shipped,30/09/2020 21:27,premium-uk,AMZN_UK(QA0674454744),VOSS Still Water Plastic Bottle 500 ml Pack of 2,,,
Amazon.co.uk,204-0892709-8921133,2020-09-27,GBP,3.74,0.75,0,0,4.49,3.74,0.75,B00M008N2A,New,1,Visa - 2011,Closed,Shipped,28/09/2020 11:19,premium-uk,ROYAL_HIGH_LETTER_TRACKED(TY772680148GB),OKULI Set of 22 Silicone EarBuds Ear Tips For Earphones (Small Medium Large),,,
Amazon.co.uk,204-5396566-1662719,2020-09-23,GBP,121.32,24.26,0,0,145.58,121.32,24.26,B07CGJNLBB,New,1,Visa - 7718,Closed,Shipped,23/09/2020 23:38,premium-uk,AMZN_UK(QA0660089415),Samsung 970 EVO 1 TB PCIe NVMe M.2 (2280) Internal Solid State Drive (SSD) (MZ-V7E1T0),,,
Amazon.co.uk,204-0795607-1377136,2020-09-23,GBP,121.32,24.26,0,0,145.58,121.32,24.26,B07CGJNLBB,New,1,Visa - 2011,Closed,Shipped,23/09/2020 23:38,premium-uk,AMZN_UK(QA0660089415),Samsung 970 EVO 1 TB PCIe NVMe M.2 (2280) Internal Solid State Drive (SSD) (MZ-V7E1T0),,,
Amazon.co.uk,204-8163692-6438731,2020-09-21,GBP,8.29,1.66,0,0,9.95,8.29,1.66,B07F84MRMV,New,1,Visa - 2011,Closed,Shipped,22/09/2020 11:06,premium-uk,AMZN_UK(QA0656658586),NO HAIR CREW Premium Intimate Hair Removal Cream - Extra Gentle Hair Removal Cream for Sensitive Areas. Made for Men 100 ml,,,
Amazon.co.uk,204-7911513-4769145,2020-09-15,GBP,9.75,1.95,0,0,11.7,9.75,1.95,B06WP9XLWR,New,1,Visa - 2011,Closed,Shipped,16/09/2020 01:34,premium-uk,AMZN_UK(QA0644817536),Cuderm Lotion 500ml (Alcohol Free) [Suitable for Dry Skin Eczema] Colloidal Oatmeal - Hypoallergenic - Vegan Certified - Fragrance Free - SLS Free - ,,,
Amazon.co.uk,204-5592643-2410742,2020-09-10,GBP,7.49,1.5,0,0,8.99,7.49,1.5,B078BJQMPG,New,1,Visa - 2018,Closed,Shipped,11/09/2020 23:35,premium-uk,AMZN_UK(QA0637108531),Spigen Rugged Armor Case Compatible with Samsung Galaxy S9 - Matte Black,,,
Amazon.co.uk,204-2660992-3661957,2020-09-10,GBP,7.99,0,0,0,7.99,7.99,0,B07C2S3J6K,New,1,Visa - 2018,Closed,Shipped,11/09/2020 23:35,premium-uk,AMZN_UK(QA0637108531),Alinsea [3 Pack Screen Protector for Samsung Galaxy S9 [NOT for S9+] [Bubble Free] [Case-Friendly] Plastic Film [NOT Glass] [Wet Applied] [No Lifting ,,,
Amazon.co.uk,204-4767356-7345166,2020-08-29,GBP,70.82,14.17,0,0,84.99,70.82,14.17,B07V5184HD,New,1,Visa - 2011,Closed,Shipped,30/08/2020 13:46,premium-uk,AMZN_UK(QA0610837896),Hbada Office Chair Desk Chair Flip-up Armrest Ergonomic Task Chair Compact 120° Locking 360° Rotation Seat Surface Lift Reinforced Nylon Resin Base White,,,
Amazon.co.uk,204-7261431-9893104,2020-08-29,GBP,0,0,0,0,0,0,0,B075RHM4VL,New,1,Visa - 2011,Closed,Shipped,29/08/2020 22:09,,,Amazon Prime (30-Day Free Trial),,,
Amazon.co.uk,203-9170491-4922743,2020-07-19,GBP,2.71,0.54,4.49,0,7.74,2.71,0.54,B079P6FST4,New,1,Visa - 2011,Closed,Shipped,20/07/2020 16:26,std-uk-dom,AMZN_UK(QA0530769027),Brabantia 118029 Microfibre Cleaning Cloths (x 2) Machine Washable Dark Grey 30 x 30 x 0.5 cm,,,
Amazon.co.uk,204-2588391-8676312,2020-06-11,GBP,18.47,3.69,4.99,0,27.15,18.47,3.69,B07FSWM4Z2,New,1,Visa - 2011,Closed,Shipped,11/06/2020 20:26,premium-uk,AMZN_UK(QA0449722407),Official Nintendo Licensed D-pad Joy-Con Left Zelda Version for Nintendo Switch,,,
Amazon.co.uk,204-3952641-7196347,2020-06-11,GBP,4.16,0.83,4.49,0,9.48,4.16,0.83,B00NH11N5A,New,1,Visa - 2011,Closed,Shipped,12/06/2020 01:47,std-uk-dom,AMZN_UK(QA0450475089),Amazon Basics USB 2.0 A-Male to Mini-B Cable 1.8 m / 6 Feet,,,
Amazon.co.uk,204-8940441-1468362,2020-06-05,GBP,13.99,0,4.49,0,18.48,13.99,0,B01LZI6WP6,New,1,Visa - 2011,Closed,Shipped,06/06/2020 07:02,std-uk-dom,AMZN_UK(QA0436236147),JIALONG Gaming Mouse Mat Desk Office Mouse Pad Large Size 900x400x3mm Comfortable Mousepad with Personalized Design for Laptop Computer and PC - Black World Map,,,
Amazon.co.uk,204-2160840-7303519,2020-06-04,GBP,23.32,4.67,4.49,0,32.48,23.32,4.67,B01JIYWUBA,New,1,Visa - 2011,Closed,Shipped,04/06/2020 23:50,std-uk-dom,AMZN_UK(QA0434277697),Power Bank Anker PowerCore Speed 10000 QC Qualcomm Quick Charge 3.0 Portable Charger for Galaxy S8 with Power IQ Power Bank for Samsung iPhone iPad and More,,,
Amazon.co.uk,204-2442595-4705933,2020-05-28,GBP,9.16,1.83,4.49,0,15.48,9.16,1.83,B07NTV64J2,New,1,Visa - 2011,Closed,Shipped,30/05/2020 13:03,std-uk-dom,AMZN_UK(QB0049611438),Mini DisplayPort to DisplayPort Cable 2m iVANKY 4K@60Hz Ultra HD Nylon Braided & Gold-Plated Mini DP to DP Cable Thunderbolt Compatible for MacBook Ai,,,
Amazon.co.uk,204-5780418-8619534,2020-05-19,GBP,12.49,2.5,0.37,0,14.99,19.98,4,B07T5XJW9G,New,1,Visa - 2018,Closed,Shipped,20/05/2020 19:37,econ-uk,AMZN_UK(QB0047217790),Spigen Tough Armor Designed for iPhone 11 Case Shockproof Air Cushion and Dual Layer with Kickstand Protective Case for iPhone 11 - Gunmetal,,,
Amazon.co.uk,204-5780418-8619534,2020-05-19,GBP,7.49,1.5,0.38,0,8.99,19.98,4,B07W1P2VCZ,New,1,Visa - 2018,Closed,Shipped,20/05/2020 19:37,econ-uk,AMZN_UK(QB0047217790),"Spigen 2Pack iPhone 11 Screen Protector/iPhone XR Screen Protector (6.1"") AlignMaster Auto-Align Technology Case Friendly Face ID Compatible Te",,,
Amazon.co.uk,204-7686374-9042755,2020-05-19,GBP,7.37,1.48,0,0,8.85,7.37,1.48,B000BMYWYC,New,1,Visa - 2011,Closed,Shipped,20/05/2020 06:52,Std UK Dom_1,Royal Mail(0D010678100100045F547),Tamiya 87038 Extra Thin Cement 40ml,,,
Amazon.co.uk,204-9656748-0090724,2020-05-16,GBP,15.98,0,4.99,0,20.97,15.98,0,B07ZDFN1K3,New,1,Visa - 2011,Closed,Shipped,16/05/2020 16:21,premium-uk,AMZN_UK(QA0388339865),Precision Screwdriver Set - 120 in 1 DIY Tool Kit - Electronic Professional Repair Tool Set - Mini Screwdriver Set with Case Bits Sockets Slotted ,,,
Amazon.co.uk,204-3121929-0639549,2020-05-06,GBP,26.99,0,0,0,26.99,26.99,0,B07Z8QPJN5,New,1,Visa - 2018,Closed,Shipped,07/05/2020 12:11,econ-uk,AMZN_UK(QB0044095481),Digital Voice Recorder 16GB SuperEye USB Dictaphone with MP3 Music Player Microphone Audio Professional Recording Noise Reduction Rechargeable Battery Recorder for Lectures Meetings Interviews,,,
Amazon.co.uk,204-0482234-8528358,2020-04-24,GBP,19.99,0,4.49,0,24.48,19.99,0,B07QR8188X,New,1,Visa - 2011,Closed,Shipped,25/04/2020 00:04,std-uk-dom,AMZN_UK(QB0041589178),Viviland Faux Fur Throw Blanket Soft Plush Shaggy Fleece Blanket Machine Washable Blue-grey 130cm×150cm,,,
Amazon.co.uk,203-4722934-3077966,2020-04-23,GBP,7.46,1.49,0,0,8.95,7.46,1.49,B004JL6MJ4,New,1,Visa - 2011,Closed,Shipped,24/04/2020 13:06,Std UK Dom_1,Royal Mail(0E054198800035141061B),Eco | Argan Oil Gel (32oz),,,
Amazon.co.uk,204-3002417-9272338,2020-04-16,GBP,5.74,1.15,0,0,6.89,5.74,1.15,B00001QHVP,New,1,Visa - 2011,Closed,Shipped,16/04/2020 17:55,Std UK Dom_1,Royal Mail(),Bicycle Standard Index Playing Cards - Pack of 2,,,
Amazon.co.uk,203-9526436-4399521,2020-04-10,GBP,112.82,22.57,1.5,0,136.89,169.06,33.82,B078WST5RK,New,1,Visa - 2011,Closed,Shipped,17/04/2020 22:23,std-uk-dom,AMZN_UK(QB0040033611),Samsung 860 EVO 1 TB SATA 2.5 Inch Internal Solid State Drive (SSD) (MZ-76E1T0),,,
Amazon.co.uk,203-9526436-4399521,2020-04-10,GBP,56.24,11.25,1.49,0,68.98,169.06,33.82,B079QBDTDF,New,1,Visa - 2011,Closed,Shipped,17/04/2020 22:23,std-uk-dom,AMZN_UK(QB0040033611),Wacom Intuos S Pen Tablet Mobile Graphic Tablet for Painting Sketching and Photo Retouching with 1 Creative Software Download Black - Ideal for Work from Home & Remote Learning,,,
Amazon.co.uk,203-9526436-4399521,2020-04-10,GBP,15.99,0,1.5,0,17.49,15.99,0,B079CCTYYT,New,1,Visa - 2011,Closed,Shipped,15/04/2020 22:30,std-uk-dom,AMZN_UK(QB0039591360),Coogam Cyclone Boys 3x3 M Stickerless 3x3x3 Magic Puzzle Toy (FeiJue M Version),,,
Amazon.co.uk,203-8774946-2138724,2020-04-10,GBP,8.03,1.61,0,0,9.64,8.03,1.61,B00O1Y85BW,New,1,Visa - 2011,Closed,Shipped,16/04/2020 07:11,Std UK Dom_1,FedEx(194971264732),5 Star HFC Air Duster (Pack of 2),,,
Amazon.co.uk,203-5257858-8489106,2020-03-21,GBP,19.99,0,0,0,0,,,B084DJ9J8C,New,0,Visa - 2011,Cancelled,,,premium-uk,,Nintendo Switch Lite Carrying Case (Animal Crossing: New Horizons Edition) & Screen Protector,,,
Amazon.co.uk,204-2607898-8550768,2020-03-20,GBP,8.32,1.67,0,0,9.99,8.32,1.67,B01G9KXXGM,New,1,Visa - 2011,Closed,Shipped,20/03/2020 23:21,premium-uk,AMZN_UK(QA0284129225),H&S Dragon Blunt Dull Balisong Butterfly Trainer Knife Pocket Practice Training Knifes Blade Tool - NOT REAL - NO SHARP,,,
Amazon.co.uk,204-5621239-3551538,2020-03-15,GBP,22.99,0,0,0,22.99,46.22,1.25,B082M57YLS,New,1,Visa - 2011,Closed,Shipped,16/03/2020 16:07,premium-uk,AMZN_UK(QA0277889388),Hommy Newtons Cradle With A Half Mirror Stainless Steel Bar Stands Wood Base Metal Balance Balls,,,
Amazon.co.uk,204-5621239-3551538,2020-03-15,GBP,16.99,0,0,0,16.99,46.22,1.25,B07Z35JXFR,New,1,Visa - 2011,Closed,Shipped,16/03/2020 16:07,premium-uk,AMZN_UK(QA0277889388),Luckyrao Magnets Blocks Sculpture Toys with 216pcs and 5mm for Intelligence Development and Stress ReliefGreat For Office School Home Education (Silv,,,
Amazon.co.uk,204-5621239-3551538,2020-03-15,GBP,6.24,1.25,0,0,7.49,46.22,1.25,B07TV9JMTC,New,1,Visa - 2011,Closed,Shipped,16/03/2020 16:07,premium-uk,AMZN_UK(QA0277889388),4 Pieces Tongue Scrapers Reduce Bad Breath Tongue Cleaners Stainless Steel Oral Tongue Brushes Beauty Tools,,,
Amazon.co.uk,204-1712271-1795548,2020-03-01,GBP,11.99,0,4.99,0,16.98,11.99,0,B07QHSP2CP,New,1,Visa - 2011,Closed,Shipped,02/03/2020,premium-uk,AMZN_UK(QA0258997973),BESTKEE Men Tactical Belt 1.5 Inch Heavy Duty Belt Cobra Buckle Belt Nylon Military Style with Quick-Release Metal Buckle Gift with Tactical Molle Pouch and Hook,,,
Amazon.co.uk,204-6484424-4589912,2020-01-02,GBP,16.24,3.25,0.25,0,19.49,16.24,3.25,B07HCM56P6,New,1,Visa - 2018,Closed,Shipped,04/01/2020 03:16,econ-uk,AMZN_UK(QA0184490809),Aussie Hair Care Shampoo and Conditioner Set with Macadamia Nut Oil Jojaba Seed Oil and Avocado Hair Oil and Hair Treatments for Dry Damaged Hair Cruelty Free,,,
Amazon.co.uk,204-6484424-4589912,2020-01-02,GBP,7.25,1.45,0.25,0,8.7,10.57,2.12,B01HOD3ZNO,New,1,Visa - 2018,Closed,Shipped,03/01/2020 16:33,econ-uk,AMZN_UK(QA0184083608),Shea Moisture Jamaican Black Castor Oil Strengthen/Grow and Restore Leave in Conditioner 431 ml,,,
Amazon.co.uk,204-6484424-4589912,2020-01-02,GBP,3.32,0.67,0.25,0,3.99,10.57,2.12,B006VHLKRS,New,1,Visa - 2018,Closed,Shipped,03/01/2020 16:33,econ-uk,AMZN_UK(QA0184083608),John Frieda Frizz Ease Daily Miracle Detangling Leave In Conditioner for Dry Damaged and Frizzy Hair 200 ml,,,
Amazon.co.uk,204-1830210-5041915,2019-12-28,GBP,65.83,13.17,0,0,79,86.62,17.33,B07MJ967TP,New,1,Visa - 2018,Closed,Shipped,29/12/2019 00:03,premium-uk,AMZN_UK(QH0003650318),lief + svein Knife Set with Block. 1.4116 German Stainless Steel Kitchen Knife Set. UltraSharp Cooking Knives Set for Kitchen. Ideal Chef Knife Set or Home Cooking Knife Block Sets (9 Pc Knife Set),,,
Amazon.co.uk,204-1830210-5041915,2019-12-28,GBP,20.79,4.16,0,0,24.95,86.62,17.33,B07C18LWNV,New,1,Visa - 2018,Closed,Shipped,29/12/2019 00:03,premium-uk,AMZN_UK(QH0003650318),5 PACK - Glass Meal Prep Containers - Glass Food Storage Containers - Glass Storage Containers with Lids - Glass meal prep boxes - Dishwasher Microwave Oven & Freezer Safe-BPA Free 850ml 28oz 3.5Cups,,,
Amazon.co.uk,204-1830210-5041915,2019-12-28,GBP,18.44,3.69,0,0,22.13,18.44,3.69,B07HCM56P6,New,1,Visa - 2018,Closed,Shipped,29/12/2019 03:25,premium-uk,AMZN_UK(QA0177645609),Aussie Hair Care Shampoo and Conditioner Set with Macadamia Nut Oil Jojaba Seed Oil and Avocado Hair Oil and Hair Treatments for Dry Damaged Hair Cruelty Free,,,
Amazon.co.uk,204-1830210-5041915,2019-12-28,GBP,16.99,0,0,0,16.99,37.65,4.13,B07Q6YSGF9,New,1,Visa - 2018,Closed,Shipped,28/12/2019 21:52,premium-uk,AMZN_UK(QA0177737126),Collagen Powder Gold Standard Bovine Collagen Peptides Powder by Wellgard - High Levels of The 8 Essential Amino Acids Collagen Supplement Halal & Kosher Made in UK,,,
Amazon.co.uk,204-1830210-5041915,2019-12-28,GBP,11.5,2.3,0,0,13.8,37.65,4.13,B07DVQZT11,New,1,Visa - 2018,Closed,Shipped,28/12/2019 21:52,premium-uk,AMZN_UK(QA0177737126),Vel. Food Strainer Set - Premium Stainless Steel Fine Mesh Set of Strainers Colanders and Sifters with Comfortable Non Slip Handles - Set of 3 - Ergonomic Design,,,
Amazon.co.uk,204-1830210-5041915,2019-12-28,GBP,9.16,1.83,0,0,10.99,37.65,4.13,B07WQY65TY,New,1,Visa - 2018,Closed,Shipped,28/12/2019 21:52,premium-uk,AMZN_UK(QA0177737126),Leosimp for Airpods 1&2 Case 3D Soft Silicone Cute Animal Fun Cartoon Character Airpod CoverKawaii Funny Fashion Keychain Design SkinShockproof Cas,,,
Amazon.co.uk,204-6376284-9408311,2019-12-27,GBP,6.14,1.23,0,0,14.74,12.28,2.46,B01LYSJVKF,New,2,Visa - 2011,Closed,Shipped,28/12/2019 03:21,premium-uk,AMZN_UK(QA0176262413),Toblerone Dark Chocolate Bar 360g,,,
Amazon.co.uk,204-5418617-0891504,2019-12-27,GBP,3.32,0.67,0,0,3.99,3.32,0.67,B01A9IG6PU,New,1,Visa - 2011,Closed,Shipped,27/12/2019 14:01,UK Next,Amazon Logistics(A10370137973),.999 Fine Gold Bitcoin Commemorative Round Collectors Coin - Bit Coin is Gold Plated Copper Physical Coin by Gold Bitcoin,,,
Amazon.co.uk,204-2260127-2172308,2019-12-24,GBP,4.59,0,0,0,4.59,4.59,0,B07QMLLNCW,New,1,Visa - 2011,Closed,Shipped,26/12/2019 19:47,premium-uk,AMZN_UK(QA0174009964),Vosarea Commemorative Coin Chinese Lucky Dragon Collectible for Commemorative Cryptocurrency Enthusiasts Gift Art Crafts Coin,,,
Amazon.co.uk,204-1211587-3627535,2019-12-22,GBP,9.99,2,0,0,11.99,9.99,2,B076FV5W5Q,New,1,Visa - 2018,Closed,Shipped,23/12/2019 20:12,premium-uk,AMZN_UK(QA0171549166),AKIELO RFID Blocking Card Holder with Gift Box - Minimalist Mens Card Wallet - Contactless Credit Card Protector (Alpha Collection),,,
Amazon.co.uk,204-9655074-5572339,2019-12-14,GBP,10.47,2.1,0,0,12.57,10.47,2.1,B00PFUBXWY,New,1,Visa - 2011,Closed,Shipped,15/12/2019 16:07,premium-uk,AMZN_UK(QA0151132632),SHATCHI 4ft- Black Artificial Tree Imperial 230 Tips Artificial Tree with Metal Stand,,,
Amazon.co.uk,203-0975008-5545903,2019-12-13,GBP,11.17,2.23,0,0,13.4,11.17,2.23,B07DYT4ZKK,New,1,Visa - 2011,Closed,Shipped,14/12/2019 11:04,UK Next,Amazon Logistics(A10359834003),Toblerone Milk Chocolate Bar 750 g,,,
Amazon.co.uk,204-9772476-8318716,2019-12-10,GBP,10.42,2.08,0,0,12.5,20.32,2.08,B07M7DY6F4,New,1,Visa - 2011,Closed,Shipped,10/12/2019 20:16,premium-uk,AMZN_UK(QA0139623978),Red Monarch Playing Cards - Theory 11 Deck and Cascade Card Bag,,,
Amazon.co.uk,204-9772476-8318716,2019-12-10,GBP,9.9,0,0,0,9.9,20.32,2.08,B07VQPGJB4,New,1,Visa - 2011,Closed,Shipped,10/12/2019 20:16,premium-uk,AMZN_UK(QA0139623978),CoolChange 2 Kimetsu no Yaiba Tanjiro Kamado earrings,,,
Amazon.co.uk,204-7287118-4045922,2019-12-10,GBP,7.34,0,0,0,7.34,7.34,0,B07HJ89PGJ,New,1,Visa - 2011,Closed,Shipped,10/12/2019 22:20,Std UK Dom_5,FedEx(485368004489),Funko 26030 POP Vinyl: Animation: Tokyo Ghoul: Uta Multi,,,
Amazon.co.uk,203-1300266-5663518,2019-12-02,GBP,8.29,1.66,0,0,9.95,14.1,2.82,B07F84MRMV,New,1,Visa - 2011,Closed,Shipped,03/12/2019 04:00,premium-uk,AMZN_UK(QA0124415280),NO HAIR CREW Premium Intimate Hair Removal Cream - Extra Gentle Hair Removal Cream for Sensitive Areas. Made for Men 100 ml,,,
Amazon.co.uk,203-1300266-5663518,2019-12-02,GBP,5.81,1.16,0,0,6.97,14.1,2.82,B07NZX471W,New,1,Visa - 2011,Closed,Shipped,03/12/2019 04:00,premium-uk,AMZN_UK(QA0124415280),Veet Men Hair Removal Cream Chest & Body 400 ml,,,
Amazon.co.uk,203-4145510-9873165,2019-12-01,GBP,212.49,42.5,0,0,254.99,212.49,42.5,B07P47DM1P,New,1,Visa - 2011,Closed,Shipped,02/12/2019 22:33,premium-uk,DPD(0738951900),"Samsung S27R750 27"" The Space 3 sided Bezelless LED Monitor - WQHD 2560x1440 144Hz HDMI Mini Displayport Black",,,
Amazon.co.uk,203-2767380-0457961,2019-12-01,GBP,49.99,10,0,0,59.99,63.31,12.67,B071KZS3MF,New,1,Visa - 2011,Closed,Shipped,02/12/2019 20:48,premium-uk,AMZN_UK(QA0123535440),Logitech MX Master 2S Wireless Mouse Multi-Device Bluetooth or 2.4GHz Wireless with USB Unifying Receiver 4000 DPI Any Surface Tracking 7 Buttons Fast Rechargeable Laptop/PC/Mac/iPad OS - Black,,,
Amazon.co.uk,203-2767380-0457961,2019-12-01,GBP,13.32,2.67,0,0,15.99,63.31,12.67,B07MF7JKHJ,New,1,Visa - 2011,Closed,Shipped,02/12/2019 20:48,premium-uk,AMZN_UK(QA0123535440),Knodel Desk Pad Office Desk Mat 43cm x 90cm PU Leather Desk Blotter Laptop Desk Mat Waterproof Desk Writing Pad for Office and Home Dual-Sided (Black),,,
Amazon.co.uk,203-2767380-0457961,2019-12-01,GBP,9.77,1.95,0,0,11.72,9.77,1.95,B01ESX0AOU,New,1,Visa - 2011,Closed,Shipped,02/12/2019 22:05,premium-uk,AMZN_UK(QA0123780160),Monarch Playing Cards (Blue),,,
Amazon.co.uk,203-6408776-7423560,2019-12-01,GBP,9,0,0,0,9,9,0,B01E5PPZYG,New,1,Visa - 2011,Closed,Shipped,01/12/2019 22:53,UK Second,,Amazon Protect 2 year Breakdown & Accidental Damage Cover for Office Equipment from £50 to £59.99,,,
Amazon.co.uk,204-7766927-5084329,2019-11-23,GBP,38.3,7.66,0,0,45.96,38.3,7.66,B01KPS54H0,New,1,Visa - 2018,Closed,Shipped,25/11/2019 03:29,UK Next,Amazon Shipping(A10338715203),Yaheetech Cat Scratching Post Tower Tree Pet Palace Cat PalaceGrey,,,
Amazon.co.uk,204-9813590-0736322,2019-11-23,GBP,33.3,6.66,0,0,39.96,33.3,6.66,B00I7WL962,New,1,Visa - 2018,Closed,Shipped,25/11/2019 14:01,Std UK Dom_1,Hermes Logistik Gruppe(1110983251134881),Curver Litter Box 51 x 38.5 x 39.5 cm (Grey),,,
Amazon.co.uk,203-7045760-9341128,2019-11-20,GBP,4.08,0.82,0,0,4.9,4.08,0.82,B016VAC41K,New,1,Visa - 2011,Closed,Shipped,22/11/2019 18:23,Std UK Dom_1,Amazon Logistics(NU272897251GB),KEPLIN Lint Roller+4 Sticky replacement Heads Easily and quickly removes animal hairs dust and fluff from garments furniture and car seats,,,
Amazon.co.uk,204-0583690-2457133,2019-11-12,GBP,9.99,0,0,0,9.99,9.99,0,B07MXMHFTD,New,1,Visa - 2011,Closed,Shipped,14/11/2019 05:52,Std UK Dom_5,4PX(NU093320438GB),damdos Kda Akali Assassin Cosplay S8 Face Mask Night Lights Cosplay Props Masks Luminous Gifts,,,
Amazon.co.uk,203-1090649-3822748,2019-10-27,GBP,171.74,34.35,1.5,0,207.59,448.9,89.78,B07HZ9JKN7,New,1,Visa - 2018,Closed,Shipped,29/10/2019 00:12,std-uk-dom,AMZN_UK(QB0008829741),ASUS ROG Thor 850 W Platinum Power Supply Unit with Aura Sync and OLED Display - Black,,,
Amazon.co.uk,203-1090649-3822748,2019-10-27,GBP,160.5,32.1,1.5,0,194.1,448.9,89.78,B07D1XJH2W,New,1,Visa - 2018,Closed,Shipped,29/10/2019 00:12,std-uk-dom,AMZN_UK(QB0008829741),Corsair Vengeance RGB PRO 32 GB (4 x 8 GB) DDR4 3200 MHz C16 XMP 2.0 Enthusiast RGB LED Illuminated Memory Kit - Black,,,
Amazon.co.uk,203-1090649-3822748,2019-10-27,GBP,116.66,23.33,1.49,0,141.48,448.9,89.78,B07RM275GN,New,1,Visa - 2018,Closed,Shipped,29/10/2019 00:12,std-uk-dom,AMZN_UK(QB0008829741),ASUS ROG Strix LC 240 All-in-One Liquid CPU Cooler with Aura Sync RGB and Dual ROG 120 mm Radiator Fan,,,
Amazon.co.uk,203-6404795-3304353,2019-10-13,GBP,8.29,0,0,0,8.29,8.29,0,B07QGPWVWP,New,1,Visa - 2011,Closed,Shipped,14/10/2019 09:04,Std UK Dom_5,China Post(),Cikuso Acrylic Keyboard Tester 12 Clear Plastic Keycap Sampler for Cherry MX Switches,,,
Amazon.co.uk,204-6600971-5137922,2019-10-11,GBP,78.99,15.8,0.75,0,94.79,78.99,15.8,B07MFBLN7K,New,1,Visa - 2011,Closed,Shipped,12/10/2019 20:23,econ-uk,AMZN_UK(QA0048963407),Samsung 970 EVO Plus 500 GB PCIe NVMe M.2 (2280) Internal Solid State Drive (SSD) (MZ-V7S500),,,
Amazon.co.uk,204-4718815-9208363,2019-10-09,GBP,333.99,0,0,0,333.99,333.99,0,B07HHN6KBZ,New,1,Visa - 2011,Closed,Shipped,10/10/2019 16:07,UK Second,Royal Mail(GQ886068698GB),Intel Core i7 9700K 3.6GHz Octa Core LGA1151 CPU,,,
Amazon.co.uk,204-4802572-5730765,2019-09-09,GBP,349.97,70,0.75,0,419.97,349.97,70,B07MCCHNKL,New,1,Visa - 2011,Closed,Shipped,10/09/2019 12:47,econ-uk,ROYAL_MAIL(VE759894815GB),ASUS ROG Strix GeForce RTX 2060 OC edition 6GB GDDR6 with the all-new NVIDIA TuringTM GPU architecture ROG-STRIX-RTX2060-O6G-GAMING,,,
Amazon.co.uk,204-8111294-8215554,2019-09-09,GBP,6.66,1.33,4.49,0,12.48,6.66,1.33,B078NR6ZK3,New,1,Visa - 2011,Closed,Shipped,10/09/2019 12:47,std-uk-dom,ROYAL_MAIL(VE759894815GB),iPhone Charger Cable Anker Lightning Cable - Apple MFi Certified 6ft/1.8m Premium Nylon Apple Charger Fast Charging Cable for iPhone 11 Pro X XS XR 6 7 8 New AirPods and More,,,
Amazon.co.uk,203-8192459-8181132,2019-09-02,GBP,121.39,24.28,6.99,0,152.66,121.39,24.28,B074QJSRPN,New,1,Visa - 2018,Closed,Shipped,02/09/2019 13:22,same-uk,AMZN_UK(QE0000152352),RHA T20: Stainless Steel High Fidelity DualCoil Noise Isolating In-Ear Headphones with Audio Tuning Filters,,,
Amazon.co.uk,203-1972614-0477959,2019-09-01,GBP,129.95,0,0,0,129.95,129.95,0,B00OY2T9U2,New,1,Visa - 2018,Closed,Shipped,02/09/2019 07:29,Std UK Dom_1,Royal Mail(),RHA T10i: High fidelity noise isolating in-ear headphone with remote and microphone,,,
Amazon.co.uk,203-1648558-6085905,2019-08-30,GBP,21.99,0,0,0,21.99,21.99,0,B07G3896XJ,New,1,Visa - 2018,Closed,Shipped,31/08/2019 15:20,econ-uk,AMZN_UK(QB0000111045),65W USB Type C Power Adapter Charger for Apple MacBook/Pro Lenovo ASUS Acer Dell Xiaomi Air Huawei Matebook HP Spectre Thinkpad and Any Other Laptops or Smart Phones,,,
Amazon.co.uk,203-6121341-7126701,2019-08-14,GBP,179.16,35.83,4.49,0,219.48,179.16,35.83,B07HS7C63T,New,1,Visa - 8063,Closed,Shipped,16/08/2019 03:32,std-uk-dom,AMZN_UK(QAY122222673),ASUS ROG Strix Z390-E Gaming LGA1151 (Intel 8th and 9th Gen) ATX DDR4 DP HDMI M.2 USB 3.1 Gen2 802.11 AC Wi-Fi Motherboard Black,,,
Amazon.co.uk,203-2168688-2701951,2019-08-09,GBP,43.82,8.77,4.49,0,57.08,43.82,8.77,B07G4GRTQ4,New,1,Visa - 8063,Closed,Shipped,10/08/2019 00:51,std-uk-dom,AMZN_UK_STD(QCY009296543),CiT Raider PC Gaming Case Mid-Tower ATX Halo Dual - Ring Spectrum Fans RGB PCB Hub w/ Aura Connectivity RF Controller MB Sync Tempered Glass F,,,
Amazon.co.uk,203-9963079-3046723,2019-06-07,GBP,13.99,0,4.49,0,18.48,13.99,0,B01MXL3CDD,New,1,Visa - 8063,Closed,Shipped,08/06/2019 02:58,std-uk-dom,AMZN_UK(Q21174865784),UESWILL MacBook Pro 13 inch Case 2019 2018 2017 2016 Smooth Matte Hard Case for MacBook Pro 13 inch 2/4 Thunderbolt 3 ports (USB-C) with/without Touch Bar A2159/A1989/A1706/A1708 Black,,,
Amazon.co.uk,203-3385439-7149147,2019-06-07,GBP,3.74,0.75,0,0,4.49,3.74,0.75,B009YZYYV8,New,1,Visa - 8063,Closed,Shipped,10/06/2019 10:14,Std UK Dom_1,,7 Day Pill Wallet Box Medicine Tablet Holder Organiser Storage Travel,,,
Amazon.co.uk,203-5779136-8122749,2019-05-17,GBP,17.1,0,4.49,0,21.59,17.1,0,B0787Q9L8N,New,1,Visa - 8063,Closed,Shipped,17/05/2019 19:22,std-uk-dom,AMZN_UK(Q18121784333),Carhartt A18 Watch Hat Beanies Original One Size Unisex 100%Polyacryl elastic (Briht Orange),,,
Amazon.co.uk,203-7886979-3054721,2019-05-13,GBP,4.08,0.82,0.99,0,5.89,4.08,0.82,B001JTI7TW,New,1,Visa - 8063,Closed,Shipped,14/05/2019 16:47,std-uk-dom,ROYAL_2ND_LETTER_TRACKED(AY927193471GB),WAVE BUILDER Du-Rag with Extra Long Tails BLACK (Model: 192),,,
Amazon.co.uk,202-0900701-8319520,2019-04-29,GBP,2.62,0.53,0.99,0,4.14,2.62,0.53,B0025TUZ6S,New,1,Visa - 2018,Closed,Shipped,30/04/2019 12:53,std-uk-dom,ROYAL_2ND_LETTER_TRACKED(AY915688529GB),Faber-Castell F167299 PITT Artist Pen Fine 0.5mm Fineliner - Black,,,
Amazon.co.uk,202-1185431-1823550,2019-03-26,GBP,5.29,1.06,5.99,0,12.34,5.29,1.06,B00001QHVP,New,1,Visa - 8063,Closed,Shipped,27/03/2019 04:17,premium-uk,AMZN_UK(Q51340602593),Bicycle Standard Index Playing Cards - Pack of 2,,,
Amazon.co.uk,202-7293659-2820319,2019-02-26,GBP,4.16,0.83,0,0,4.99,4.16,0.83,B002CZQ3G6,New,1,Visa - 0404,Closed,Shipped,27/02/2019 09:36,Std UK Dom_2,Royal Mail(),C2G 2 Meter 20 AWG UK Power Cord (IEC320C13 to BS 1363),,,
Amazon.co.uk,203-0242306-8424349,2019-02-23,GBP,8.32,1.67,0,0,9.99,8.32,1.67,B01LQCJ6KU,New,1,Visa - 2018,Closed,Shipped,25/02/2019 08:08,Std UK Dom_2,Royal Mail(),3 Pack 10w GLS LED Light Bulb Cool White B22 Bayonet Very Bright 10w = 100w A60,,,
Amazon.co.uk,203-2186364-8622711,2019-02-13,GBP,43.9,0,0,0,43.9,43.9,0,B00BKQT54A,New,1,Gift Certificate/Card and Visa - 2018,Closed,Shipped,15/02/2019 08:00,Std UK Dom_5,4PX(RF708993417SG),Daniel Wellington Men's Quartz Watch Classic Cambridge 0103DW with Nylon Strap,,,
Amazon.co.uk,026-4945655-9405967,2019-01-27,GBP,9,0,0,0,9,9,0,B07MXMCK6D,New,1,Visa - 8063,Closed,Shipped,28/01/2019 09:48,Std UK Dom_2,Royal Mail(QV405729914GB),Hippowarehouse My Patronus Is A Pug printed make up cosmetic wash bag 18x19x9cm,,,
Amazon.co.uk,203-3740118-8328362,2018-12-28,GBP,7.77,0,0,0,7.77,7.77,0,B00G7XOP14,New,1,Visa - 8063,Closed,Shipped,29/12/2018 03:51,Std UK Dom_5,japanpose(),MUJI 0.38mm Black Gel Ink Pen (Pack of 5),,,
Amazon.co.uk,203-9249033-1662709,2018-12-28,GBP,4.9,0,0.9,0,5.8,4.9,0,B073PQZJ71,New,1,Visa - 8063,Closed,Shipped,29/12/2018 01:57,Std UK Dom_5,4PX(E100650981PY),Gudeke Kermit Frog Drinking Tea That's None of My Business Keyring Key chain,,,
Amazon.co.uk,203-9728188-7959515,2018-12-22,GBP,33.44,0,0,0,33.44,33.44,0,B003IX3Y6S,New,1,Visa - 8063,Closed,Shipped,28/12/2018 12:03,Std UK Dom_5,DHL eCommerce(GM605321635000509115),Champion Double Dry Men`s Action Fleece Pullover Hood L Light Steel,,,
Amazon.co.uk,205-1501445-3579562,2018-11-19,GBP,1.44,0,0,0,2.88,2.88,0,B07HNPV9ZX,New,2,Visa - 8063,Closed,Shipped,20/11/2018 05:08,Std UK Dom_5,FlytExpress(UT298874394TH),Detangling Brush for Tangled Hair Glide Thru Detangling Brush Magic Massage Comb,,,
Amazon.co.uk,203-9242143-8979558,2018-10-31,GBP,1.72,0.35,0.99,0,3.06,1.72,0.35,B0041GLWS8,New,1,Visa - 8063,Closed,Shipped,02/11/2018 14:46,std-uk-dom,AMZN_UK(Q27347470643),Sensodyne Search 3.5 Toothbrush,,,
Amazon.co.uk,202-3256696-3801966,2018-10-20,GBP,16.66,3.33,4.49,0,24.48,16.66,3.33,B01MYQ4HJD,New,1,Visa - 2018,Closed,Shipped,22/10/2018 03:27,std-uk-dom,AMZN_UK(Q39031135843),Logitech G203 Gaming Mouse Optical 8000 DPI 16.8 M Colour LED Customising Wired Gaming Mouse,,,
Amazon.co.uk,206-1083486-4959536,2018-10-20,GBP,9.99,2,2.25,0,14.24,15.94,2,B071F7DH85,New,1,Visa - 2018,Closed,Shipped,22/10/2018 03:27,std-uk-dom,AMZN_UK(Q39031135843),Spigen Slim Armor Case Compatible with Samsung Galaxy Xcover 4 and Galaxy Xcover 4s - Gunmetal,,,
Amazon.co.uk,206-1083486-4959536,2018-10-20,GBP,5.95,0,2.24,0,8.19,15.94,2,B06ZYQPMX8,New,1,Visa - 2018,Closed,Shipped,22/10/2018 03:27,std-uk-dom,AMZN_UK(Q39031135843),J&D Compatible for Samsung Galaxy Xcover 4 Glass Screen Protector (3-Pack) Not Full Coverage Tempered Glass HD Clear Ballistic Glass Screen Protector for Galaxy Xcover 4 Glass Film,,,
Amazon.co.uk,203-1606120-2733144,2018-09-29,GBP,1.24,0.25,0.99,0,2.48,1.24,0.25,B01MT0DR6E,New,1,Visa - 0404,Closed,Shipped,01/10/2018 12:36,std-uk-dom,ROYAL_2ND_LETTER_TRACKED(AY887347552GB),Kaps Round Thick Laces 5-6mm diameter durable 100% cotton shoe laces for casual footwear made in Europe 1 pair many colours and lengths (100 cm - 39 inch - 5 to 7 eyelet pairs / 01 - white),,,
Amazon.co.uk,203-2942537-4101144,2018-09-25,GBP,6.66,1.33,3.59,0,35.55,39.13,7.82,B01MFCKD13,New,4,Visa - 0404,Closed,Shipped,27/09/2018 17:20,std-uk-dom,AMZN_UK(Q68696959453),Oxford Black n' Red B5 Case Bound Notebook,,,
Amazon.co.uk,203-2942537-4101144,2018-09-25,GBP,12.49,2.5,0.9,0,15.89,39.13,7.82,B076FY191N,New,1,Visa - 0404,Closed,Shipped,27/09/2018 17:20,std-uk-dom,AMZN_UK(Q68696959453),AKIELO RFID Blocking Card Holder with Gift Box - Minimalist Mens Card Wallet - Contactless Credit Card Protector (Alpha Collection),,,
Amazon.co.uk,203-5655475-3482730,2018-09-25,GBP,5.69,1.14,0,0,6.83,5.69,1.14,B002XZLGXA,New,1,Visa - 0404,Closed,Shipped,26/09/2018 18:20,Std UK Dom_1,Hermes Logistik Gruppe(1110983874501084),uni-ball 153486345 UB-157 Eye Fine Rollerball Pens Black Uni Super Ink .7mm Nib Pack of 5,,,
Amazon.co.uk,206-4215769-7465103,2018-09-22,GBP,380.12,76.02,4.49,0,460.63,380.12,76.02,B073QSWZH6,Used,1,Visa - 7718,Closed,Shipped,24/09/2018 10:28,std-uk-dom,AMZN_UK(Q70671607234),Dell Inspiron 3000 15.6-inch HD Laptop (Intel Core i5-7200U 8 GB RAM 1 TB HDD Windows 10 Home) - Matte Black,,,
Amazon.co.uk,206-2029179-2388338,2018-09-22,GBP,6.99,0,0,0,0,,,B07CYSTWX5,New,0,Visa - 7718,Cancelled,,,std-uk-dom,,Joyoldelf Cool Black Gold Foil Poker Playing Cards Waterproof Deck of Cards with Gift Box Use for Party and Game,,,
Amazon.co.uk,206-6111010-8354713,2018-09-18,GBP,400,0,0,0,400,,,B0170RBP8Q,Used,0,Visa - 7718,Cancelled,,,Std UK Domestic,,Dell 9350-9323 XPS 139350 13-Inch Laptop (Intel Core i7 2.5 GHz 8 GB RAM 256 GB SSD Windows 10),,,
Amazon.co.uk,203-5746114-4505966,2018-08-27,GBP,11.99,0,4.49,0,16.48,11.99,0,B01H59IFZA,New,1,Visa - 2018,Closed,Shipped,28/08/2018 12:33,std-uk-dom,ROYAL_MAIL(AW850433139GB),Pair Stainless Steel Black Plain Circle Huggie Hinged Hoop Earrings for Men Women,,,
Amazon.co.uk,026-5863031-1731526,2018-08-15,GBP,2,0,0,0,2,2,0,B01BVOQZP2,New,1,Visa - 0404,Closed,Shipped,16/08/2018 10:05,Std UK Dom_1,Royal Mail(),Cotton Paisley Bandana Scarf Headband 3 Pack Red White Black,,,
Amazon.co.uk,206-2543932-1978767,2018-07-29,GBP,6.99,0,4.49,0,11.48,6.99,0,B01LZINXN8,New,1,Visa - 4114,Closed,Shipped,30/07/2018 09:12,std-uk-dom,ROYAL_MAIL(AW849678823GB),Adagio Pro - Violin Strings - 4/4 Classic Silver Violin String Set / Pack With Ball Ends For Concert Tuning,,,
Amazon.co.uk,206-9741719-1833952,2018-07-27,GBP,24.33,0,0,0,24.33,24.33,0,B011UK5DGY,New,1,Visa - 2018,Closed,Shipped,30/07/2018 11:19,Std UK Dom_2,,Casio Fx-991ex Scientific Calculator Fx 991 Ex - New + 552 Function - Classwiz,,,
Amazon.co.uk,206-4626443-7901910,2018-07-24,GBP,7.99,0,4.49,0,12.48,7.99,0,B01IGKD7IW,New,1,Visa - 0404,Closed,Shipped,25/07/2018 11:18,std-uk-dom,ROYAL_MAIL(AW426468145GB),Doitory Men Women 8mm Lava Rock Chakra Beads Bracelet Elastic Natural Stone Yoga Bracelet Bangle(Matte Black Agate),,,
Amazon.co.uk,026-0455944-3087506,2018-06-29,GBP,4.75,0.95,0,0,5.7,4.75,0.95,B06VTNVLTW,New,1,Visa - 0404,Closed,Shipped,01/07/2018 10:17,Std UK Dom_2,Royal Mail(),IKEA Bastis Replacement Rolls For Lint Roller 8 Pieces,,,
Amazon.co.uk,026-0377961-3778760,2018-06-29,GBP,2.95,0,0,0,2.95,2.95,0,B01I39PZDQ,New,1,Visa - 0404,Closed,Shipped,02/07/2018 08:03,Std UK Dom_2,Royal Mail(),Mytoptrendz Diamond Shape Edge Border Hair Clips (Black small oval 3d border),,,
Amazon.co.uk,203-8427932-5779534,2018-06-24,GBP,7,0,0,0,0,,,B0773H3SZL,New,0,Visa - 0404,Cancelled,,,std-uk-dom,,7 Chakra Stretch Bracelet J.Fee Healing Gemstone Diffuser Bracelet Beaded Crystal Religious Bracelet Yoga Mala Lava Stone Bracelet Christmas Birthday Gifts for Women Men Boy Meditation Pray Bracelet,,,
Amazon.co.uk,203-2327762-3741967,2018-06-24,GBP,7.5,0,0,0,0,,,B01IGKD46W,New,0,Visa - 0404,Cancelled,,,std-uk-dom,,Doitory Men Women 8mm Lava Rock Chakra Beads Bracelet Elastic Natural Stone Yoga Bracelet Bangle(Lava Chakra),,,
Amazon.co.uk,203-1017482-2175555,2018-06-23,GBP,90.83,18.17,4.49,0,113.49,90.83,18.17,B01LW9IKX7,New,1,Visa - 0404,Closed,Shipped,25/06/2018 20:16,std-uk-dom,AMZN_UK(Q02038603943),Beats by Dr. Dre BeatsX Earphones - Black,,,
Amazon.co.uk,203-3316337-3150750,2018-05-27,GBP,12.67,2.54,4.49,0,19.7,12.67,2.54,B074GKVT43,New,1,Visa - 0404,Closed,Shipped,29/05/2018 08:53,std-uk-dom,ROYAL_MAIL(AW816277195GB),Speck 103108-1050 Presidio Grip Superior Impact Protection Case for iPhone 7/8 - Black,,,
Amazon.co.uk,206-0645966-0224357,2018-05-11,GBP,2.79,0,0,0,2.79,2.79,0,B011SBHJQM,New,1,Visa - 0404,Closed,Shipped,14/05/2018 08:22,Std UK Dom_1,,BisLinks Grey Sim Card Tray + SD Memory Card Reader Holder Replacement for HTC One M8,,,
Amazon.co.uk,203-8968778-5889907,2018-04-23,GBP,6.62,1.33,2.25,0,10.2,6.62,1.33,B00O0XZL1Q,New,1,Visa - 4114,Closed,Shipped,23/04/2018 14:38,Std UK Dom_1,Royal Mail(),Sterling Silver Moon Necklace on silver chain - silver moon pendant - size: 15mm x 4mm. Gift Boxed - PLEASE CHOOSE CHAIN LENGTH BELOW,,,
Amazon.co.uk,206-1297236-0781150,2018-04-13,GBP,19.12,3.83,3.99,0,26.94,19.12,3.83,B00XZGAUUQ,New,1,Visa - 2018,Closed,Shipped,16/04/2018 13:37,std-uk-dom,AMZN_UK(Q22815707723),Panasonic KX-TGC310EB Digital Cordless Phone with Nuisance Call Blocker - Black,,,
Amazon.co.uk,204-2652320-1073929,2018-04-05,GBP,21.8,0,8,0,29.8,21.8,0,B00124Y9K0,New,1,Visa - 0404,Closed,Shipped,08/04/2018 13:19,Std UK Dom_3,Colissimo(CB317431762FR),Calvin Klein Men's Boxershorts TRUNK 3 Per Pack Multicolored (Black/White/Grey) Medium,,,
Amazon.co.uk,026-2713550-0557911,2018-04-05,GBP,1.87,0,0,0,1.87,1.87,0,B000TS6JVM,New,1,Visa - 0404,Closed,Shipped,06/04/2018 07:47,Std UK Dom_1,Royal Mail(),6 Pairs mens Plain White Trainer Socks 6-11,,,
Amazon.co.uk,204-3616676-3169116,2018-04-04,GBP,10.99,0,5.99,0,16.98,10.99,0,B071LHMTB9,New,1,Visa - 0404,Closed,Shipped,04/04/2018 22:03,premium-uk,AMZN_UK(Q22802877413),Laptop Sleeve 13 Inch ATailorBird Notebook Sleeve Water-Resistance Laptop Case Ultrabook Protective Bag Fit MacBook/Acer/Asus/Dell/Lenovo/HP/Samsung/,,,
Amazon.co.uk,204-6737971-9509935,2018-04-03,GBP,7.24,1.45,4.75,0,13.44,7.24,1.45,B00080HFAU,New,1,Visa - 0404,Closed,Shipped,06/04/2018 13:38,std-uk-dom,HERMES_UK(1310983759157533),Classic Litter Tray with Rim,,,
Amazon.co.uk,026-0778151-8121166,2018-02-24,GBP,28.99,0,4.75,0,33.74,28.99,0,B076D63KZS,New,1,Visa - 2018,Closed,Shipped,26/02/2018 20:36,std-uk-dom,AMZN_UK(Q22761800353),Bobbyliss Steam Spray Straight Hair Curls Dual Use Flat Iron Electric Stone Ceramic Straightening Machine,,,
Amazon.co.uk,026-2145981-8111501,2018-02-16,GBP,38.32,7.67,0.79,0,45.99,38.32,7.67,B000R3QPEA,New,1,Visa - 1512,Closed,Shipped,22/02/2018 11:41,econ-uk,AMZN_UK(Q50666719904),Vans Unisex Adults Old Skool Classic Suede/Canvas Sneakers Black (Black/White) 8 UK (42 EU),,,
Amazon.co.uk,205-7682477-2223541,2018-01-09,GBP,12.99,0,0,0,12.99,22.98,0,B01MFHH9NX,New,1,Visa - 4114,Closed,Shipped,10/01/2018 09:27,Std UK Dom_1,Royal mail(WJ991194569GB) and Royal mail(WJ991194569GB),RustProof Scissor Jack Car Van Wind Up Lift Chromed Crank Speed Handle 2 Tonne,,,
Amazon.co.uk,205-7682477-2223541,2018-01-09,GBP,9.99,0,0,0,9.99,22.98,0,B071WVQ376,New,1,Visa - 4114,Closed,Shipped,10/01/2018 09:27,Std UK Dom_1,Royal mail(WJ991194569GB) and Royal mail(WJ991194569GB),Autofather 1Pc Extendable Telescopic Car Wheel Brace 17 19 21 23mm Socket Nut Tyre Wrench with Comfortable Rubber Handle,,,
Amazon.co.uk,026-9806799-3134724,2018-01-02,GBP,2.46,0.49,0.99,0,6.89,4.92,0.98,B0018N7ETS,New,2,Visa - 4114,Closed,Shipped,03/01/2018 15:36,std-uk-dom,ROYAL_2ND_LETTER_TRACKED(AY730682647GB),Pigma Micron Pen 03 Black 0.35mm,,,
Amazon.co.uk,026-8520195-7646745,2017-12-24,GBP,5.81,0,0,0,5.81,5.81,0,B00P6SXB52,New,1,Visa - 0404,Closed,Shipped,27/12/2017 12:30,Std UK Dom_2,Royal Mail(),Mens 3M Black Thinsulate Thermal Lined Winter Gloves (Medium/Large),,,
Amazon.co.uk,026-1513121-6880364,2017-12-11,GBP,14.95,0,3.99,0,18.94,14.95,0,B00PIUA0KM,New,1,Visa - 8517,Closed,Shipped,11/12/2017 22:59,std-uk-dom,AMZN_UK(Q40775627784),Electronic Cigarette Starter Kit | E Shisha Pen | E Cigarette | eKaiser | 5 x Premium e Liquid Tobacco Flavours,,,
Amazon.co.uk,205-6068098-5531502,2017-09-04,GBP,6.99,0,3.99,0,10.98,6.99,0,B01M0ES9DP,New,1,Visa - 8517,Closed,Shipped,06/09/2017 22:58,std-uk-dom,AMZN_UK(Q22560048343),Kuuqa Dark Gray Felt Pen Pencil Case Stationery Pouch Bag Case Cosmetic Bags Set of 2,,,
Amazon.co.uk,205-2973771-5216325,2017-09-02,GBP,25.99,0,2.99,0,28.98,25.99,0,1471829898,New,1,Visa - 2018,Closed,Shipped,04/09/2017 21:15,std-uk-dom,ROYAL_HIGH(1),OCR A Level Economics Book 1,,,
Amazon.co.uk,026-2899197-9467552,2017-09-02,GBP,9.99,0,3.95,0,13.94,9.99,0,B00QBTLP3U,New,1,Visa - 2018,Closed,Shipped,02/09/2017 21:18,premium-uk,AMZN_UK(Q20826363254),iStrap 20mm Genuine lether Watch Strap Alligator Pattern Replacement Watch Band -Black,,,
Amazon.co.uk,205-4150125-9031554,2017-07-31,GBP,20.83,0,0,0,20.83,20.83,0,B003IX82WY,New,1,Visa - 8517,Closed,Shipped,08/08/2017 17:06,Std UK Dom_5,DHL Global Mail(GM275114696069747310),Champion Double Dry Men`s Action Fleece Pullover Hood M Gray Oxford Heather,,,
Amazon.co.uk,205-4734498-9506701,2017-07-24,GBP,14.94,0,0,0,14.94,14.94,0,B072C96VSG,New,1,Visa - 8517,Closed,Shipped,24/07/2017 11:39,Std UK Dom_1,Royal Mail(KK605857114GB),Mens Champion Mens Logo Shorts in Grey Marl - M,,,
Amazon.co.uk,205-7094018-0687516,2017-07-17,GBP,19.99,0,3.99,0,23.98,19.99,0,B01MDQE51M,New,1,Visa - 2018,Closed,Shipped,18/07/2017 21:08,std-uk-dom,AMZN_UK(Q20796891944),AVM Mens Silver Face Watch With Black Leather Strap - In Gift Box,,,
Amazon.co.uk,205-4183633-8889104,2017-07-17,GBP,0.27,0,1,0,1.27,0.27,0,B071XWZKD7,New,1,Visa - 8517,Closed,Shipped,18/07/2017 03:12,Std UK Dom_5,DHL Global Mail(HKAOWX2809765T1317),Hosaire Elegant Classic Style Women's Men's Black Leather Bracelet with Stainless Steel Clasp(21cm ),,,
Amazon.co.uk,206-0684317-1436346,2017-07-01,GBP,19.99,0,0,0,39.98,46.97,0,B06XJ45F5T,New,2,Visa - 2018,Closed,Shipped,03/07/2017 17:26,econ-uk,AMZN_UK(Q80607029814),Amazing Omega Omega 3.6.9 - 1200 mg 250 Softgels,,,
Amazon.co.uk,205-2250900-7809955,2017-06-18,GBP,2.49,0,2,0,4.49,2.49,0,B01IRZA28O,New,1,Visa - 6017,Closed,Shipped,20/06/2017 10:22,Exp UK Dom_1,Royal Mail(),Knight - Adjustable Pre-tied Bow Tie Black,,,
Amazon.co.uk,205-3062713-7529167,2017-06-18,GBP,2.49,0,0,0,0,,,B01IRZA28O,New,0,Visa - 7718,Cancelled,,,Std UK Dom_2,,Knight - Adjustable Pre-tied Bow Tie Black,,,
Amazon.co.uk,205-4956212-5589963,2017-05-12,GBP,7.61,1.52,0,0,9.13,7.61,1.52,B002E2LSZS,New,1,Visa - 7718,Closed,Shipped,13/05/2017 16:09,premium-uk,AMZN_UK(Q60757554784),Mastika 500mg Mastic Gum - Pack of 30 Capsules,,,
Amazon.co.uk,205-5202607-9148345,2017-05-12,GBP,7.1,0,0,0,7.1,7.1,0,B00BFZ8DLM,New,1,Visa - 7718,Closed,Shipped,13/05/2017 07:00,Std UK Dom_2,Royal Mail(),Probiotic Max - High Strength 100 Tablets (probiotic + prebiotic),,,
Amazon.co.uk,205-8908032-0196360,2017-05-09,GBP,89.99,0,4.99,0,94.98,89.99,0,B00MXH8U3M,New,1,Visa - 2018,Closed,Shipped,10/05/2017 09:38,Std UK Dom_2,Royal Mail(KB260432352GB),Nike Free 5.0 Men's Running Shoes Black (Black/White-Dark Grey-Cl Grey) 8 UK,,,
Amazon.co.uk,205-7929743-9389915,2017-05-09,GBP,14.08,2.82,0,0,16.9,14.08,2.82,B0148KVLVY,New,1,Visa - 2018,Closed,Shipped,10/05/2017 08:17,premium-rfu-uk,AMZN_UK(Q16015517833),Nike Men Legacy 91 Tech Cap - Black/White One Size,,,
Amazon.co.uk,205-6431999-7401961,2017-05-06,GBP,12.49,2.5,0,0,14.99,12.49,2.5,B00VM5I0I6,New,1,Visa - 7718,Closed,Shipped,07/05/2017 01:39,premium-uk,AMZN_UK(Q22425525993),Marley Smile Jamaica In-Ear Headphones 1 Button Microphone Control Earphones Noise Isolating 9.2mm Driver Earbuds Included in 2 Sizes for Lasting Comfort Tangle-Free Cable - Copper,,,
Amazon.co.uk,205-5363857-3481124,2017-05-02,GBP,12.49,2.5,0,0,14.99,12.49,2.5,B00VM5I22A,New,1,Visa - 6017,Closed,Shipped,02/05/2017 12:01,premium-uk,AMZN_UK(Q60745117594),Marley Smile Jamaica In-Ear Headphones 1 Button Microphone Control Earphones Noise Isolating 9.2mm Driver Earbuds Included in 2 Sizes for Lasting Comfort Tangle-Free Cable - Tan,,,
Amazon.co.uk,202-9604942-3176301,2017-04-24,GBP,14.99,0,0,0,0,,,B00VM5I22A,New,0,Visa - 6017,Cancelled,,,premium-uk,,Marley Smile Jamaica In-Ear Headphones 1 Button Microphone Control Earphones Noise Isolating 9.2mm Driver Earbuds Included in 2 Sizes for Lasting Comfort Tangle-Free Cable - Tan,,,
Amazon.co.uk,202-6593063-9572341,2017-04-19,GBP,19,0,0,0,0,,,B00VM5I22A,New,0,Visa - 6017,Cancelled,,,premium-uk,,Marley Smile Jamaica In-Ear Headphones 1 Button Microphone Control Earphones Noise Isolating 9.2mm Driver Earbuds Included in 2 Sizes for Lasting Comfort Tangle-Free Cable - Tan,,,
Amazon.co.uk,205-0436694-4900355,2017-04-18,GBP,14.99,0,0,0,0,,,B01DKGP5U0,New,0,Visa - 6017,Cancelled,,,premium-rfu-uk,,Marley Smile Jamaica In-Ear Headphones 1 Button Microphone Control Earphones Noise Isolating 9.2mm Driver Earbuds Included in 2 Sizes for Lasting Comfort Tangle-Free Cable - Sig Black,,,
Amazon.co.uk,206-6997747-6725107,2017-04-17,GBP,14.99,0,0,0,0,,,B01DKGP5U0,New,0,Visa - 6017,Cancelled,,,premium-rfu-uk,,Marley Smile Jamaica In-Ear Headphones 1 Button Microphone Control Earphones Noise Isolating 9.2mm Driver Earbuds Included in 2 Sizes for Lasting Comfort Tangle-Free Cable - Sig Black,,,
Amazon.co.uk,206-2595885-7504321,2017-04-16,GBP,14.99,0,0,0,0,,,B01DKGP5U0,New,0,Visa - 6017,Cancelled,,,premium-uk,,Marley Smile Jamaica In-Ear Headphones 1 Button Microphone Control Earphones Noise Isolating 9.2mm Driver Earbuds Included in 2 Sizes for Lasting Comfort Tangle-Free Cable - Sig Black,,,
Amazon.co.uk,206-4672135-7307547,2017-04-13,GBP,14.99,0,0,0,0,,,B01DKGP5U0,New,0,Visa - 6017,Cancelled,,,premium-uk,,Marley Smile Jamaica In-Ear Headphones 1 Button Microphone Control Earphones Noise Isolating 9.2mm Driver Earbuds Included in 2 Sizes for Lasting Comfort Tangle-Free Cable - Sig Black,,,
Amazon.co.uk,205-0506821-0819526,2017-03-22,GBP,2.95,0,0,0,2.95,2.95,0,B01N7W0KG7,New,1,Visa - 4618,Closed,Shipped,23/03/2017 11:33,Std UK Dom_5,China Post(72092210524),Ninja Fidget Spinner Toy KTLShopÂ Injection moulded sensory and fumble toy spinner. Perfect for ADHD anxiety autism and stress relief. Ceramic bear,,,
Amazon.co.uk,205-7181204-6469160,2017-03-11,GBP,1.99,0,0,0,3.98,3.98,0,B0056NA1FA,New,2,Visa - 4618,Closed,Shipped,12/03/2017 23:59,Std UK Dom_2,Royal Mail(),Tiger A6 twinwire plastic cover feint ruled notebook x 1 single,,,
Amazon.co.uk,205-3970550-5679500,2017-03-08,GBP,1.99,0,0,0,1.99,1.99,0,B0056NA1FA,New,1,Visa - 4618,Closed,Shipped,08/03/2017 20:36,Std UK Dom_2,Royal Mail(),Tiger A6 twinwire plastic cover feint ruled notebook x 1 single,,,
Amazon.co.uk,205-6215094-9041130,2017-03-06,GBP,10.2,0,3.99,0,14.19,10.2,0,B00T7LA7RY,New,1,Visa - 6017,Closed,Shipped,07/03/2017 17:04,std-uk-dom,AMZN_UK(Q50483428503),adidas Mens Golf Sports Flexible Peak Cap Hat Touch And Close Brand New Black Mens,,,
Amazon.co.uk,205-7137465-6698722,2017-02-14,GBP,1.5,0,0,0,3,3,0,B009X8FY1U,New,2,Visa - 4618,Closed,Shipped,15/02/2017 11:09,Std UK Dom_2,Amazon Merchants@(),Adults magic stretch gloves in black. Ideal winter wear.,,,
Amazon.co.uk,206-3071602-7514765,2016-12-04,GBP,14,0,3,0,17,14,0,6191861745,New,1,Visa - 6017,Closed,Shipped,04/12/2016 11:56,Std UK Dom_5,Standard(),"Crystalline Azuria Women 18 ct Rose Gold Plated White Zirconia Crystals Zodiak Circle Pendant Necklace 18""",,,
Amazon.co.uk,026-0223755-4754761,2016-10-22,GBP,9.99,0,0.99,0,10.98,9.99,0,B01J5FU6GS,New,1,Gift Certificate/Card and Visa - 4618,Closed,Shipped,24/10/2016 06:26,Std UK Dom,USPS(RG299520305CN),KINGMAS Black Panther Masks Movie Fantastic Four Cosplay Men's Latex Party Mask for Halloween(Black Panther),,,
Amazon.co.uk,026-9803847-6095550,2016-10-22,GBP,9.99,0,0,0,0,,,B01J5FU6GS,New,0,Visa - 4618,Cancelled,,,Std UK Dom,,KINGMAS Black Panther Masks Movie Fantastic Four Cosplay Men's Latex Party Mask for Halloween(Black Panther),,,
Amazon.co.uk,026-0537434-7261158,2016-09-04,GBP,9,0,2.99,0,11.99,9,0,751565350,New,1,Visa - 4618,Closed,Shipped,05/09/2016 22:31,std-uk-dom,AMZN_UK(Q20589160033),Harry Potter and The Cursed Child - Parts One and Two: The Official Script Book of the Original West End Production (Special Rehearsal Edition),,,
Amazon.co.uk,206-2877765-8843566,2016-08-22,GBP,8.17,1.63,4.75,0,14.55,8.17,1.63,B00VAG3RD0,New,1,Visa - 4618,Closed,Shipped,23/08/2016 22:02,std-uk-dom,AMZN_UK(Q22150211933),Prestige Cartridge T1806 Compatible Ink Cartridges for Epson Expression Home XP-102 XP-202 XP-212 XP-215 XP-225 XP-30 XP-322 XP-325 XP-402 XP-405 XP-412 XP-415 Black/Cyan/Magenta/Yellow (Pack of 10),,,
Amazon.co.uk,206-5432881-6497909,2016-08-21,GBP,28.33,5.67,3.27,0,37.27,28.33,5.67,B01433ZT0K,New,1,Visa - 4618,Closed,Shipped,22/08/2016 17:59,std-uk-dom,AMZN_UK_STD(Q31083269373),Epson Expression Home XP-235 All-in-One Inkjet Printer,,,
Amazon.co.uk,206-5432881-6497909,2016-08-21,GBP,4.99,1,0.04,0,6.03,7.23,1.45,B003U6J2PA,New,1,Visa - 4618,Closed,Shipped,23/08/2016 17:09,std-uk-dom,AMZN_UK(Q22149389793),Faber Castell Grip 2001 HB Pencils x3 Eraser Caps x2 & Trio 3-Hole Sharpener,,,
Amazon.co.uk,206-5432881-6497909,2016-08-21,GBP,2.24,0.45,1.44,0,4.13,7.23,1.45,B016U5NP6E,New,1,Visa - 4618,Closed,Shipped,23/08/2016 17:09,std-uk-dom,AMZN_UK(Q22149389793),Everyday Paper A4 70gsm 1 Ream (500 Sheets),,,
Amazon.co.uk,206-8042172-3865939,2016-08-21,GBP,1.69,0,0.99,0,2.68,1.69,0,B007XJ6UE6,New,1,Visa - 4618,Closed,Shipped,22/08/2016 14:36,Std UK Dom,Royal Mail(),STAEDTLER Stick 430M Ballpoint Pen Medium Mixed Various Colours x 10,,,
Amazon.co.uk,206-8627671-5397162,2016-08-21,GBP,2,0,0,0,2,3.79,0,B005I2V5HM,New,1,Visa - 4618,Closed,Shipped,22/08/2016 15:06,Std UK Dom,Royal Mail(),Helix 360 Degree Protractor Angle Measure,,,
Amazon.co.uk,206-2693103-9369915,2016-08-21,GBP,1.95,0,0,0,1.95,1.95,0,B001LIFEQK,New,1,Visa - 4618,Closed,Shipped,22/08/2016 09:37,Std UK Dom_2,Royal Mail(),Am-tech P5170 Steel Rule Set (2-Piece),,,
Amazon.co.uk,206-8627671-5397162,2016-08-21,GBP,1.79,0,0,0,1.79,3.79,0,B00EO4I5NC,New,1,Visa - 4618,Closed,Shipped,22/08/2016 15:06,Std UK Dom,Royal Mail(),HELIX CLEAR EXAM PENCIL CASE ASSORTED COLOURED ZIPS TRANSPARENT 203 x 127mm BLUE,,,
Amazon.co.uk,206-4549698-5601933,2016-08-21,GBP,0.61,0,0.79,0,1.4,0.61,0,B009X8FY1U,New,1,Visa - 4618,Closed,Shipped,22/08/2016 08:06,Std UK Dom_2,Royal Mail(),Adults magic stretch gloves in black. Ideal winter wear.,,,
Amazon.co.uk,206-9948022-5532346,2016-08-21,GBP,1.17,0,0,0,1.17,1.17,0,B007Q9YB7Q,New,1,Visa - 4618,Closed,Shipped,22/08/2016 12:42,Std UK Dom,CHINA POST(87030982506),School Stationery Drawing Tool Silver Tone Metal Drafting Compasses Set,,,
Amazon.co.uk,206-9019341-6247504,2016-08-21,GBP,1.04,0,0,0,1.04,1.04,0,B003JI8HB4,New,1,Visa - 4618,Closed,Shipped,22/08/2016 18:09,Std UK Dom,Royal Mail(),Helix H01040 10cm 180 Degree Protractor,,,
Amazon.co.uk,026-8136022-6706709,2016-07-28,GBP,3.49,0,0.7,0,4.19,3.49,0,B01638QUWE,New,1,Visa - 4618,Closed,Shipped,29/07/2016 07:25,Std UK Dom,Royal Mail(),BNBUKLTDÂ Mirror Smart View Clear Flip Case Cover For Samsung Galaxy S6 & S6 EDGE (Samsung Galaxy S6 Edge Black),,,
Amazon.co.uk,026-6123309-6932330,2016-07-16,GBP,14.16,2.83,3.99,0,20.98,14.16,2.83,B00SV63296,New,1,Gift Certificate/Card and Visa - 4618,Closed,Shipped,17/07/2016 22:32,std-uk-dom,AMZN_UK(Q22112174883),Spigen Neo Hybrid Bumper Style Premium Cover Case for Samsung Galaxy S6 Edge - Champagne Gold,,,
Amazon.co.uk,026-8252415-3948366,2016-06-24,GBP,85.6,17.12,1.99,0,104.71,85.6,17.12,B011N7884S,New,1,Visa - 4618,Closed,Shipped,24/06/2016 17:00,std-uk-dom,AMZN_UK(Q22099299023),Microsoft Office Home and Student 2016 - Licence Key (PC),,,
Amazon.co.uk,204-2044423-8987563,2016-06-03,GBP,24.96,4.99,3.99,0,33.94,24.96,4.99,B005HP3OB0,New,1,Visa - 4618,Closed,Shipped,03/06/2016 15:35,std-uk-dom,AMZN_UK(Q40339647673),SoundMAGIC E10 High Fidelity In Ear Headphones smartphone earphones high quality earbuds with Sound Insulation - Gunmetal,,,
Amazon.co.uk,204-5453551-0937908,2016-05-25,GBP,24.96,4.99,3.99,0,33.94,24.96,4.99,B005HP3OB0,New,1,Visa - 7718,Closed,Shipped,26/05/2016 11:53,std-uk-dom,AMZN_UK(Q20520235633),SoundMAGIC E10 High Fidelity In Ear Headphones smartphone earphones high quality earbuds with Sound Insulation - Gunmetal,,,
Amazon.co.uk,203-5418787-6865111,2016-05-16,GBP,2.49,0,0,0,2.49,2.49,0,B01FKAZG30,New,1,Visa - 4618,Closed,Shipped,17/05/2016 13:54,Std UK Dom,Royal Mail(),3x3-Pin USB Data Sync Charging Cable for iPhone 4/4S/iPod Touch/iPad 2 (Non-Retail Packaging),,,
Amazon.co.uk,206-3048697-2075549,2015-12-20,GBP,7.99,0,3.99,0,11.98,7.99,0,B0181L83NK,New,1,Visa - 4618,Closed,Shipped,21/12/2015 02:42,std-uk-dom,ROYAL_MAIL(AV122771131GB),Chamber37 Star Wars Collectors Keyring (Millennium Falcon),,,
Amazon.co.uk,206-9726673-6677967,2015-12-19,GBP,4.99,0,3.99,0,8.98,4.99,0,B00QW4TJVE,New,1,Visa - 4618,Closed,Shipped,20/12/2015 11:42,std-uk-dom,AMZN_UK(Q20410265563),TWIST Barber Sponge Brush,,,
Amazon.co.uk,026-5020735-1769138,2015-11-29,GBP,12.99,0,3.99,0,16.98,12.99,0,B00MIVH88Q,New,1,Visa - 4618,Closed,Shipped,30/11/2015 04:08,std-uk-dom,AMZN_UK(Q50258508653),Brave Soul Mens Long Sleeve Check Lumberjack Brushed Cotton Shirt Red  Blue White Medium Red Check Black - Brave Soul Checked Indie Worker,,,
Amazon.co.uk,026-1919981-2363565,2015-11-19,GBP,29.43,0,4.75,0,34.18,29.43,0,B00CD0E8BW,New,1,Visa - 4618,Closed,Shipped,20/11/2015 15:29,std-uk-dom,AMZN_UK(Q60218023723),Logitech Keyboard Folio for iPad 2/3/4 Carbon Black - UK layout,,,
Amazon.co.uk,203-9440737-0863502,2015-08-30,GBP,38.59,0,1.99,0,40.58,38.59,0,B00KL4AROO,New,1,Visa - 4618,Closed,Shipped,31/08/2015 15:17,std-uk-dom,ROYAL_MAIL(AW118580100GB),Grand Theft Auto V (PS4),,,
Amazon.co.uk,203-7936677-4570735,2015-07-17,GBP,15.83,3.17,2.03,0,21.03,15.83,3.17,B00BF6D52S,New,1,Gift Certificate/Card and Visa - 4618,Closed,Shipped,18/07/2015 09:05,std-uk-dom,AMZN_UK(Q40152599343),Destiny (PS4),,,
Amazon.co.uk,204-0897673-8937945,2015-06-13,GBP,6.91,0,3.99,0,10.9,6.91,0,B00IZFYGO8,New,1,Visa - 4618,Closed,Shipped,13/06/2015 21:31,std-uk-dom,AMZN_UK(Q20257516693),Case-Mate Tough Case for the HTC One (M8) - Black,,,
Amazon.co.uk,204-1692029-3271539,2015-05-23,GBP,58.29,11.66,0.66,0,69.95,58.29,11.66,B00MA4PVPS,New,1,Visa - 4618,Closed,Shipped,24/05/2015 18:35,econ-uk,AMZN_UK(Q60125537593),JBL Charge 2 Wireless Bluetooth USB Rechargeable Portable Stereo Speaker - Black,,,
Amazon.co.uk,204-2046736-6659568,2015-05-10,GBP,58.29,11.66,0.66,-3.99,66.62,,,B00MA4PVYY,New,0,Visa - 5318,Cancelled,,,econ-uk,,JBL Charge 2 Wireless Bluetooth Speaker - White,,,
Amazon.co.uk,204-8253197-3624327,2015-05-10,GBP,7.75,0,0,0,7.75,7.75,0,B00VHWYYI4,New,1,Visa - 5318,Closed,Shipped,11/05/2015 00:45,Std UK Dom,,MalloomÂ Travel Zipper Flip Case Bag for JBL Charge 2/Pulse bluetooth Speaker,,,
Amazon.co.uk,203-7315487-6467540,2015-04-29,GBP,15.5,0,0,0,15.5,15.5,0,194769666,Used,1,Visa - 5318,Closed,Shipped,30/04/2015 10:36,premium-uk,AMZN_UK(Q10105576753),New Headway: Pre-Intermediate Fourth Edition: Student's Book and iTutor Pack,,,
Amazon.co.uk,205-1784410-1590735,2015-04-25,GBP,13.95,0,5.95,0,19.9,13.95,0,B00BAPCSI6,New,1,Visa - 5318,Closed,Shipped,28/04/2015 13:44,Std UK Dom,Royal Mail(),"viceroy bedding BEIGE 66"" Width x 84"" Drop (Only 1 Panel) Supersoft Thermal Blackout DOOR EYELET/RING TOP Readymade Bedroom Curtain 'Winter Warm but Summer Cool",,,
Amazon.co.uk,205-9270572-4197918,2015-04-25,GBP,3.45,0,0,0,3.45,3.45,0,B00C7B033Y,New,1,Visa - 5318,Closed,Shipped,27/04/2015 09:32,Std UK Dom,Royal Mail(),Speedy Accessories Crystal Palma Curtain Tie Back Hooks Chrome 2 Pack,,,
Amazon.co.uk,205-1852576-1127506,2015-04-12,GBP,36.86,0,0,0,36.86,36.86,0,B00T2IJUU2,New,1,Visa - 5318,Closed,Shipped,13/04/2015 01:34,Std UK Dom,Paypal Package(),Grace Karin Â 2015 Women Bridesmaid Dresses Sleeveless Sequined Cocktail Evening Party Dress Plus Size 8 Size (14),,,
Amazon.co.uk,205-6575902-7726725,2015-04-12,GBP,34.99,0,0,0,34.99,34.99,0,B00MYRHV0Y,New,1,Visa - 5318,Closed,Shipped,13/04/2015 21:23,premium-uk,AMZN_UK(Q50150953203),HE08254KQ14 Khaki  14UK Ever Pretty Maxi Dresses For Women Size 14 08254,,,
Amazon.co.uk,205-5024552-3946705,2015-04-12,GBP,31.66,0,0,0,31.66,31.66,0,B00AM4KSEC,New,1,Visa - 5318,Closed,Shipped,13/04/2015 12:24,Std UK Dom,myHermes(1110974252456089),Vans Authentic Camo Unisex Trainers/Plimsolls Size UK 6.5,,,
